<?xml version="1.0" encoding="UTF-8"?>
<faces-config xmlns="http://xmlns.jcp.org/xml/ns/javaee"
		xmlns:xsi="http://www.w3.org/2001/XMLSchema-instance"
        xsi:schemaLocation="http://xmlns.jcp.org/xml/ns/javaee
            http://xmlns.jcp.org/xml/ns/javaee/web-facesconfig_2_2.xsd"
		version="2.2">

    <application>
        <!-- Load static resources ONLY from WAR rather than the image server. -->
        <!-- <resource-handler>com.synnex.jee.jsf2.app.ResourceInWarHandler</resource-handler> -->
        <locale-config>
        	<default-locale>en_US</default-locale>
        	<supported-locale>en_US</supported-locale>
        </locale-config>
    </application>

</faces-config>
